{"stats":{"minecraft:dropped":{"minecraft:cobblestone":6},"minecraft:killed_by":{"minecraft:player":1},"minecraft:used":{"minecraft:stone_sword":38,"minecraft:stone_pickaxe":1,"minecraft:wooden_pickaxe":28,"minecraft:cooked_salmon":1,"minecraft:stone_axe":30,"minecraft:wooden_sword":5,"minecraft:crafting_table":3,"minecraft:furnace":1,"minecraft:oak_boat":1},"minecraft:killed":{"minecraft:sheep":7,"minecraft:pig":6,"minecraft:chicken":5,"minecraft:salmon":2},"minecraft:mined":{"minecraft:furnace":1,"minecraft:crafting_table":2,"minecraft:short_grass":9,"minecraft:grass_block":2,"minecraft:oak_log":31,"minecraft:dirt":6,"minecraft:stone":20,"minecraft:oak_leaves":6},"minecraft:picked_up":{"minecraft:stick":3,"minecraft:crafting_table":2,"minecraft:feather":8,"minecraft:chicken":5,"minecraft:salmon":3,"minecraft:wooden_pickaxe":1,"minecraft:porkchop":11,"minecraft:oak_log":31,"minecraft:dirt":16,"minecraft:wooden_sword":1,"minecraft:cooked_salmon":1,"minecraft:wheat_seeds":1,"minecraft:light_gray_wool":1,"minecraft:oak_sapling":12,"minecraft:mutton":11,"minecraft:white_wool":7,"minecraft:cobblestone":38,"minecraft:furnace":1},"minecraft:crafted":{"minecraft:wooden_sword":1,"minecraft:oak_boat":1,"minecraft:oak_planks":124,"minecraft:crafting_table":1,"minecraft:stick":8,"minecraft:wooden_pickaxe":1,"minecraft:stone_pickaxe":1,"minecraft:stone_sword":1,"minecraft:furnace":1,"minecraft:cooked_salmon":1,"minecraft:stone_axe":1,"minecraft:air":0},"minecraft:custom":{"minecraft:time_since_rest":11126,"minecraft:interact_with_furnace":7,"minecraft:sprint_one_cm":58031,"minecraft:damage_taken":246,"minecraft:walk_one_cm":64167,"minecraft:mob_kills":20,"minecraft:drop":1,"minecraft:damage_dealt":1635,"minecraft:interact_with_crafting_table":10,"minecraft:swim_one_cm":6622,"minecraft:fly_one_cm":80197,"minecraft:crouch_one_cm":966,"minecraft:play_time":23018,"minecraft:deaths":1,"minecraft:sneak_time":218,"minecraft:walk_under_water_one_cm":8290,"minecraft:jump":428,"minecraft:walk_on_water_one_cm":5290,"minecraft:time_since_death":11097,"minecraft:total_world_time":23018,"minecraft:fall_one_cm":13698}},"DataVersion":3953}