{"stats":{"minecraft:used":{"minecraft:wooden_sword":5,"minecraft:crafting_table":1,"minecraft:furnace":1,"minecraft:wooden_pickaxe":28},"minecraft:killed":{"minecraft:sheep":1,"minecraft:salmon":2},"minecraft:mined":{"minecraft:short_grass":1,"minecraft:grass_block":2,"minecraft:oak_log":3,"minecraft:dirt":6,"minecraft:stone":20,"minecraft:oak_leaves":4},"minecraft:picked_up":{"minecraft:salmon":2,"minecraft:oak_log":3,"minecraft:oak_sapling":2,"minecraft:dirt":8,"minecraft:mutton":1,"minecraft:white_wool":1,"minecraft:cobblestone":20},"minecraft:crafted":{"minecraft:furnace":1,"minecraft:wooden_sword":1,"minecraft:oak_planks":12,"minecraft:crafting_table":1,"minecraft:stick":4,"minecraft:wooden_pickaxe":1},"minecraft:custom":{"minecraft:interact_with_furnace":1,"minecraft:time_since_rest":11018,"minecraft:crouch_one_cm":14,"minecraft:play_time":11018,"minecraft:sprint_one_cm":20397,"minecraft:damage_taken":226,"minecraft:walk_one_cm":27424,"minecraft:sneak_time":36,"minecraft:walk_under_water_one_cm":6873,"minecraft:mob_kills":3,"minecraft:jump":197,"minecraft:damage_dealt":355,"minecraft:time_since_death":11018,"minecraft:walk_on_water_one_cm":4851,"minecraft:total_world_time":11018,"minecraft:swim_one_cm":4273,"minecraft:interact_with_crafting_table":4,"minecraft:fall_one_cm":7728,"minecraft:fly_one_cm":30951}},"DataVersion":3953}