{"stats":{"minecraft:dropped":{"minecraft:shield":1,"minecraft:cobblestone":6},"minecraft:killed_by":{"minecraft:player":1},"minecraft:used":{"minecraft:cooked_mutton":1,"minecraft:stone_sword":54,"minecraft:stone_pickaxe":49,"minecraft:wooden_pickaxe":28,"minecraft:cooked_salmon":1,"minecraft:stone_axe":32,"minecraft:wooden_sword":5,"minecraft:cobblestone":4,"minecraft:crafting_table":4,"minecraft:furnace":3,"minecraft:cooked_porkchop":1,"minecraft:white_bed":1,"minecraft:oak_boat":1},"minecraft:killed":{"minecraft:sheep":12,"minecraft:pig":7,"minecraft:chicken":5,"minecraft:salmon":2},"minecraft:mined":{"minecraft:white_bed":1,"minecraft:furnace":4,"minecraft:iron_ore":6,"minecraft:crafting_table":4,"minecraft:short_grass":11,"minecraft:coal_ore":21,"minecraft:grass_block":2,"minecraft:oak_log":31,"minecraft:dirt":6,"minecraft:tall_grass":1,"minecraft:stone":38,"minecraft:oak_leaves":6},"minecraft:picked_up":{"minecraft:cooked_porkchop":5,"minecraft:raw_iron":6,"minecraft:stick":3,"minecraft:crafting_table":4,"minecraft:feather":8,"minecraft:chicken":5,"minecraft:salmon":3,"minecraft:wooden_pickaxe":1,"minecraft:porkchop":15,"minecraft:oak_log":31,"minecraft:white_bed":1,"minecraft:dirt":16,"minecraft:wooden_sword":1,"minecraft:cooked_salmon":1,"minecraft:wheat_seeds":1,"minecraft:light_gray_wool":1,"minecraft:oak_sapling":12,"minecraft:coal":27,"minecraft:mutton":16,"minecraft:white_wool":12,"minecraft:cobblestone":57,"minecraft:furnace":4},"minecraft:crafted":{"minecraft:wooden_sword":1,"minecraft:oak_boat":1,"minecraft:oak_planks":124,"minecraft:cooked_porkchop":8,"minecraft:shield":2,"minecraft:crafting_table":1,"minecraft:stick":8,"minecraft:cooked_chicken":5,"minecraft:iron_ingot":6,"minecraft:wooden_pickaxe":1,"minecraft:stone_pickaxe":1,"minecraft:stone_sword":1,"minecraft:furnace":1,"minecraft:white_bed":1,"minecraft:cooked_salmon":1,"minecraft:torch":4,"minecraft:stone_axe":1,"minecraft:cooked_mutton":5,"minecraft:air":0},"minecraft:custom":{"minecraft:time_since_rest":11772,"minecraft:interact_with_furnace":26,"minecraft:sprint_one_cm":96414,"minecraft:damage_taken":246,"minecraft:walk_one_cm":84240,"minecraft:mob_kills":26,"minecraft:drop":2,"minecraft:damage_dealt":2135,"minecraft:interact_with_crafting_table":12,"minecraft:swim_one_cm":8267,"minecraft:fly_one_cm":144555,"minecraft:crouch_one_cm":1204,"minecraft:play_time":35018,"minecraft:deaths":1,"minecraft:sneak_time":295,"minecraft:walk_under_water_one_cm":8380,"minecraft:jump":742,"minecraft:walk_on_water_one_cm":6124,"minecraft:time_since_death":23097,"minecraft:sleep_in_bed":1,"minecraft:total_world_time":35018,"minecraft:fall_one_cm":23573}},"DataVersion":3953}