{"stats":{"minecraft:used":{"minecraft:dirt":2,"minecraft:crafting_table":1},"minecraft:mined":{"minecraft:short_grass":1,"minecraft:oak_log":16,"minecraft:grass_block":2,"minecraft:tall_grass":4,"minecraft:birch_leaves":1,"minecraft:oak_leaves":5},"minecraft:picked_up":{"minecraft:oak_log":16,"minecraft:dirt":2},"minecraft:crafted":{"minecraft:oak_planks":64,"minecraft:crafting_table":1,"minecraft:stick":4,"minecraft:wooden_pickaxe":1},"minecraft:custom":{"minecraft:time_since_rest":7152,"minecraft:crouch_one_cm":1206,"minecraft:sprint_one_cm":33774,"minecraft:play_time":14108,"minecraft:walk_one_cm":27065,"minecraft:damage_taken":458,"minecraft:deaths":1,"minecraft:sneak_time":447,"minecraft:walk_under_water_one_cm":1400,"minecraft:jump":279,"minecraft:damage_dealt":156,"minecraft:leave_game":1,"minecraft:walk_on_water_one_cm":1871,"minecraft:time_since_death":7124,"minecraft:total_world_time":14108,"minecraft:swim_one_cm":6448,"minecraft:interact_with_crafting_table":1,"minecraft:fall_one_cm":13660,"minecraft:fly_one_cm":39688}},"DataVersion":3953}