{"stats":{"minecraft:dropped":{"minecraft:gray_wool":1,"minecraft:ink_sac":1,"minecraft:mutton":1,"minecraft:cooked_salmon":1,"minecraft:cobblestone":12},"minecraft:killed_by":{"minecraft:drowned":1},"minecraft:used":{"minecraft:cooked_mutton":3,"minecraft:stone_sword":34,"minecraft:stone_pickaxe":32,"minecraft:wooden_pickaxe":13,"minecraft:dirt":2,"minecraft:cobblestone":7,"minecraft:crafting_table":2,"minecraft:furnace":1,"minecraft:oak_boat":1,"minecraft:white_bed":1,"minecraft:egg":1},"minecraft:killed":{"minecraft:sheep":5,"minecraft:armadillo":1,"minecraft:pig":7},"minecraft:mined":{"minecraft:white_bed":1,"minecraft:birch_leaves":1,"minecraft:short_grass":54,"minecraft:coal_ore":23,"minecraft:grass_block":2,"minecraft:oak_log":16,"minecraft:tall_grass":8,"minecraft:stone":21,"minecraft:oak_leaves":5},"minecraft:picked_up":{"minecraft:stick":2,"minecraft:wooden_pickaxe":1,"minecraft:porkchop":7,"minecraft:oak_log":16,"minecraft:ink_sac":1,"minecraft:white_bed":1,"minecraft:shield":1,"minecraft:dirt":2,"minecraft:cooked_salmon":1,"minecraft:wheat_seeds":8,"minecraft:oak_boat":1,"minecraft:gray_wool":1,"minecraft:coal":27,"minecraft:mutton":21,"minecraft:oak_planks":69,"minecraft:white_wool":4,"minecraft:cobblestone":32,"minecraft:egg":1},"minecraft:crafted":{"minecraft:oak_boat":1,"minecraft:oak_planks":64,"minecraft:crafting_table":2,"minecraft:stick":8,"minecraft:wooden_pickaxe":1,"minecraft:stone_pickaxe":1,"minecraft:stone_sword":1,"minecraft:furnace":1,"minecraft:white_bed":1,"minecraft:torch":12,"minecraft:air":0,"minecraft:cooked_mutton":17},"minecraft:custom":{"minecraft:time_since_rest":11772,"minecraft:interact_with_furnace":18,"minecraft:sprint_one_cm":88736,"minecraft:damage_taken":593,"minecraft:walk_one_cm":95404,"minecraft:mob_kills":13,"minecraft:drop":16,"minecraft:damage_dealt":1397,"minecraft:interact_with_crafting_table":6,"minecraft:swim_one_cm":17535,"minecraft:fly_one_cm":150123,"minecraft:player_kills":1,"minecraft:crouch_one_cm":1502,"minecraft:play_time":38108,"minecraft:deaths":2,"minecraft:sneak_time":532,"minecraft:walk_under_water_one_cm":2572,"minecraft:boat_one_cm":37,"minecraft:jump":937,"minecraft:leave_game":1,"minecraft:time_since_death":23855,"minecraft:walk_on_water_one_cm":4370,"minecraft:sleep_in_bed":1,"minecraft:total_world_time":38108,"minecraft:fall_one_cm":36733}},"DataVersion":3953}