{"stats":{"minecraft:dropped":{"minecraft:gray_wool":1,"minecraft:ink_sac":1,"minecraft:mutton":1,"minecraft:cooked_salmon":1,"minecraft:cobblestone":12},"minecraft:killed_by":{"minecraft:drowned":1},"minecraft:used":{"minecraft:stone_sword":18,"minecraft:wooden_pickaxe":9,"minecraft:dirt":2,"minecraft:crafting_table":2,"minecraft:egg":1},"minecraft:killed":{"minecraft:sheep":5,"minecraft:pig":3},"minecraft:mined":{"minecraft:birch_leaves":1,"minecraft:short_grass":8,"minecraft:grass_block":2,"minecraft:oak_log":16,"minecraft:tall_grass":8,"minecraft:stone":8,"minecraft:oak_leaves":5},"minecraft:picked_up":{"minecraft:stick":2,"minecraft:wooden_pickaxe":1,"minecraft:porkchop":2,"minecraft:oak_log":16,"minecraft:ink_sac":1,"minecraft:dirt":2,"minecraft:cooked_salmon":1,"minecraft:gray_wool":1,"minecraft:mutton":8,"minecraft:oak_planks":55,"minecraft:white_wool":4,"minecraft:cobblestone":20,"minecraft:egg":1},"minecraft:crafted":{"minecraft:oak_boat":1,"minecraft:oak_planks":64,"minecraft:crafting_table":2,"minecraft:stick":4,"minecraft:wooden_pickaxe":1,"minecraft:stone_sword":1},"minecraft:custom":{"minecraft:time_since_rest":11888,"minecraft:sprint_one_cm":66532,"minecraft:damage_taken":503,"minecraft:walk_one_cm":53119,"minecraft:mob_kills":8,"minecraft:drop":16,"minecraft:damage_dealt":877,"minecraft:interact_with_crafting_table":4,"minecraft:swim_one_cm":15918,"minecraft:fly_one_cm":94317,"minecraft:player_kills":1,"minecraft:crouch_one_cm":1392,"minecraft:play_time":26108,"minecraft:deaths":2,"minecraft:sneak_time":509,"minecraft:walk_under_water_one_cm":2483,"minecraft:jump":585,"minecraft:leave_game":1,"minecraft:time_since_death":11855,"minecraft:walk_on_water_one_cm":3286,"minecraft:total_world_time":26108,"minecraft:fall_one_cm":22165}},"DataVersion":3953}